{
    "(5, 1)": {
        "0": {
            "250": {
                "sat_rate": 0.784000039100647,
                "results": {
                    "5": {
                        "train_acc_rnn_bk": [
                            0.32165009528398514
                        ],
                        "test_acc_rnn_bk": [
                            0.29600000381469727
                        ],
                        "train_DL_rnn_bk": [
                            23.47111111111111
                        ],
                        "test_DL_rnn_bk": [
                            11
                        ],
                        "train_sat_rnn_bk": [
                            0.9511111378669739
                        ],
                        "test_sat_rnn_bk": [
                            1.0
                        ],
                        "train_acc_rnn_bk_greedy": [
                            0.32165009528398514
                        ],
                        "test_acc_rnn_bk_greedy": [
                            0.29600000381469727
                        ],
                        "train_DL_rnn_bk_greedy": [
                            31.995555555555555
                        ],
                        "test_DL_rnn_bk_greedy": [
                            32.44
                        ],
                        "train_sat_rnn_bk_greedy": [
                            0.0
                        ],
                        "test_sat_rnn_bk_greedy": [
                            0.0
                        ]
                    },
                    "10": {
                        "train_acc_rnn_bk": [
                            0.32165009528398514
                        ],
                        "test_acc_rnn_bk": [
                            0.29600000381469727
                        ],
                        "train_DL_rnn_bk": [
                            11.537777777777778
                        ],
                        "test_DL_rnn_bk": [
                            10.92
                        ],
                        "train_sat_rnn_bk": [
                            0.9466667175292969
                        ],
                        "test_sat_rnn_bk": [
                            1.0
                        ],
                        "train_acc_rnn_bk_greedy": [
                            0.32165009528398514
                        ],
                        "test_acc_rnn_bk_greedy": [
                            0.29600000381469727
                        ],
                        "train_DL_rnn_bk_greedy": [
                            16.675555555555555
                        ],
                        "test_DL_rnn_bk_greedy": [
                            16.92
                        ],
                        "train_sat_rnn_bk_greedy": [
                            1.0
                        ],
                        "test_sat_rnn_bk_greedy": [
                            1.0
                        ]
                    },
                    "15": {
                        "train_acc_rnn_bk": [
                            0.32165009528398514
                        ],
                        "test_acc_rnn_bk": [
                            0.29600000381469727
                        ],
                        "train_DL_rnn_bk": [
                            6.982222222222222
                        ],
                        "test_DL_rnn_bk": [
                            5.32
                        ],
                        "train_sat_rnn_bk": [
                            0.893333375453949
                        ],
                        "test_sat_rnn_bk": [
                            1.0
                        ],
                        "train_acc_rnn_bk_greedy": [
                            0.32165009528398514
                        ],
                        "test_acc_rnn_bk_greedy": [
                            0.29600000381469727
                        ],
                        "train_DL_rnn_bk_greedy": [
                            6.342222222222222
                        ],
                        "test_DL_rnn_bk_greedy": [
                            6.6
                        ],
                        "train_sat_rnn_bk_greedy": [
                            1.0
                        ],
                        "test_sat_rnn_bk_greedy": [
                            1.0
                        ]
                    }
                }
            },
            "500": {
                "sat_rate": 0.8420000672340393
            },
            "750": {
                "sat_rate": 0.8199999928474426
            },
            "1000": {
                "sat_rate": 0.8390000462532043
            },
            "formula": "((G( c2 i F c1))) | (((F(c2 & X ( F(c2)))) & !(  F(c2 & X ( F ( F (c2 & X( F(c2)))))  )  ))) | (((F c0 | F c0) & ! (F c0 & F c0))) | ((G((X c1) i c2))) | (!(c0))"
        },
        "1": {
            "250": {
                "sat_rate": 0.6520000100135803
            },
            "500": {
                "sat_rate": 0.6460000276565552
            },
            "750": {
                "sat_rate": 0.6666666865348816
            },
            "1000": {
                "sat_rate": 0.6780000329017639
            },
            "formula": "(!(G( c2 i F c2))) | (!(F c0 i F c0)) | ((c2)) | ((!(F c0 & F c0))) | ((c0))"
        },
        "2": {
            "250": {
                "sat_rate": 0.40800002217292786
            },
            "500": {
                "sat_rate": 0.5020000338554382
            },
            "750": {
                "sat_rate": 0.4946666657924652
            },
            "1000": {
                "sat_rate": 0.4910000264644623
            },
            "formula": "(!(G( c2 i F c2) & (! c2 U c2) | G (! c2))) | (!(F(c2 & X ( F(c2))))) | (!(G( c2 i F c2) & (! c2 U c2) | G (! c2))) | (((F(c1 & X ( F(c1)))) & !(  F(c1 & X ( F ( F (c1 & X( F(c1)))))  )  ))) | (((! c1 U c2) | G(! c1) & G (c1 i X ((! c1 U c2) | G (! c1)))))"
        },
        "3": {
            "250": {
                "sat_rate": 0.784000039100647
            },
            "500": {
                "sat_rate": 0.8320000171661377
            },
            "750": {
                "sat_rate": 0.8386666774749756
            },
            "1000": {
                "sat_rate": 0.8240000605583191
            },
            "formula": "((G(c2 i X c0))) | (!(F c0 i F c1)) | (!(G(c1 i ! (X c1)))) | (!((F(c0)) i (F(c0)))) | (!((! c2 U c2) | G(! c2) & G (c2 i X ((! c2 U c2) | G (! c2)))))"
        },
        "4": {
            "250": {
                "sat_rate": 0.8480000495910645
            },
            "500": {
                "sat_rate": 0.7980000376701355
            },
            "750": {
                "sat_rate": 0.8346666693687439
            },
            "1000": {
                "sat_rate": 0.8210000395774841
            },
            "formula": "(!((F(c2)) i (F(c0)))) | (!((F(c1)) i (F(c0)))) | (!(F c2 i F c1)) | ((G( c0 i X (! c0 U c0)))) | (!(G(c0 i ! (X c0))))"
        }
    }
}