{
    "(5, 1)": {
        "0": {
            "250": {
                "sat_rate": 0.5440000295639038,
                "results": {
                    "5": {
                        "train_acc_rnn": [
                            0.9746093675494194,
                            0.9666015580296516
                        ],
                        "test_acc_rnn": [
                            1.0,
                            1.0
                        ],
                        "train_DL_rnn": [
                            26.964444444444446,
                            27.24888888888889
                        ],
                        "test_DL_rnn": [
                            26.8,
                            10.84
                        ],
                        "train_sat_rnn": [
                            0.5688889026641846,
                            0.6133333444595337
                        ],
                        "test_sat_rnn": [
                            0.47999998927116394,
                            0.5600000023841858
                        ],
                        "train_acc_rnn_bk": [
                            0.9724609404802322,
                            0.9759765639901161
                        ],
                        "test_acc_rnn_bk": [
                            1.0,
                            1.0
                        ],
                        "train_DL_rnn_bk": [
                            26.857777777777777,
                            27.128888888888888
                        ],
                        "test_DL_rnn_bk": [
                            27.12,
                            26.44
                        ],
                        "train_sat_rnn_bk": [
                            0.5600000023841858,
                            0.5777778029441833
                        ],
                        "test_sat_rnn_bk": [
                            0.5600000023841858,
                            0.5600000023841858
                        ],
                        "train_acc_rnn_greedy": [
                            0.9746093675494194,
                            0.9666015580296516
                        ],
                        "test_acc_rnn_greedy": [
                            1.0,
                            1.0
                        ],
                        "train_DL_rnn_greedy": [
                            32.12,
                            30.69333333333333
                        ],
                        "test_DL_rnn_greedy": [
                            32.4,
                            30.96
                        ],
                        "train_sat_rnn_greedy": [
                            0.0,
                            0.42222222685813904
                        ],
                        "test_sat_rnn_greedy": [
                            0.0,
                            0.5199999809265137
                        ],
                        "train_acc_rnn_bk_greedy": [
                            0.9724609404802322,
                            0.9759765639901161
                        ],
                        "test_acc_rnn_bk_greedy": [
                            1.0,
                            1.0
                        ],
                        "train_DL_rnn_bk_greedy": [
                            32.12,
                            30.69333333333333
                        ],
                        "test_DL_rnn_bk_greedy": [
                            32.4,
                            30.96
                        ],
                        "train_sat_rnn_bk_greedy": [
                            0.0,
                            0.42222222685813904
                        ],
                        "test_sat_rnn_bk_greedy": [
                            0.0,
                            0.5199999809265137
                        ]
                    },
                    "10": {
                        "train_acc_rnn": [
                            0.9746093675494194,
                            0.9666015580296516
                        ],
                        "test_acc_rnn": [
                            1.0,
                            1.0
                        ],
                        "train_DL_rnn": [
                            24.84888888888889,
                            24.968888888888888
                        ],
                        "test_DL_rnn": [
                            25.04,
                            25.16
                        ],
                        "train_sat_rnn": [
                            0.4844444692134857,
                            0.5377777814865112
                        ],
                        "test_sat_rnn": [
                            0.47999998927116394,
                            0.4399999976158142
                        ],
                        "train_acc_rnn_bk": [
                            0.9595703184604645,
                            0.9681640565395355
                        ],
                        "test_acc_rnn_bk": [
                            1.0,
                            1.0
                        ],
                        "train_DL_rnn_bk": [
                            24.551111111111112,
                            24.804444444444446
                        ],
                        "test_DL_rnn_bk": [
                            24.56,
                            10.12
                        ],
                        "train_sat_rnn_bk": [
                            0.5155555605888367,
                            0.5288888812065125
                        ],
                        "test_sat_rnn_bk": [
                            0.4399999976158142,
                            0.47999998927116394
                        ],
                        "train_acc_rnn_greedy": [
                            0.9746093675494194,
                            0.9666015580296516
                        ],
                        "test_acc_rnn_greedy": [
                            1.0,
                            1.0
                        ],
                        "train_DL_rnn_greedy": [
                            28.68,
                            27.56888888888889
                        ],
                        "test_DL_rnn_greedy": [
                            28.92,
                            27.6
                        ],
                        "train_sat_rnn_greedy": [
                            0.0,
                            0.3333333432674408
                        ],
                        "test_sat_rnn_greedy": [
                            0.0,
                            0.3199999928474426
                        ],
                        "train_acc_rnn_bk_greedy": [
                            0.9595703184604645,
                            0.9681640565395355
                        ],
                        "test_acc_rnn_bk_greedy": [
                            1.0,
                            1.0
                        ],
                        "train_DL_rnn_bk_greedy": [
                            28.68,
                            27.56888888888889
                        ],
                        "test_DL_rnn_bk_greedy": [
                            28.92,
                            27.6
                        ],
                        "train_sat_rnn_bk_greedy": [
                            0.0,
                            0.3333333432674408
                        ],
                        "test_sat_rnn_bk_greedy": [
                            0.0,
                            0.3199999928474426
                        ]
                    },
                    "15": {
                        "train_acc_rnn": [
                            0.9746093675494194,
                            0.9666015580296516
                        ],